{
  "type": "minecraft:block",
  "pools": [
    {
      "rolls": 1,
      "entries": [
        {
          "type": "minecraft:item",
          "weight": 1,
          "functions": [
            {
              "function": "minecraft:set_count",
              "count": {
                "min": 1,
                "max": 1,
                "type": "minecraft:uniform"
              }
            },
            {
              "function": "minecraft:apply_bonus",
              "enchantment": "minecraft:fortune",
              "formula": "ore_drops"
            },
            {
              "function": "set_nbt",
              "tag": "{display: {Name: '{\"text\":\"Weatherrack\", \"italic\":\"false\"}'}}",
              "conditions": [
                {
                  "condition": "minecraft:reference",
                  "name": "victordepths:player_in_weatherkeep"
                }
              ]
            }
          ],
          "name": "minecraft:tuff",
          "conditions": [
            {
              "condition": "minecraft:reference",
              "name": "victordepths:stonegrade_pickaxe"
            }
          ]
        }
      ]
    }
  ]
}