{
  "type": "minecraft:jigsaw",
  "biomes": "#victordepths:has_piglin_town",
  "max_distance_from_center": 110,
  "size": 6,
  "spawn_overrides": {
    "creature": {
      "bounding_box": "full",
      "spawns": [
        {
          "type": "minecraft:piglin",
          "maxCount": 4,
          "minCount": 4,
          "weight": 10
        },
        {
          "type": "minecraft:pig",
          "maxCount": 4,
          "minCount": 4,
          "weight": 3
        }
      ]
    }
  },
  "start_height": {
    "absolute": 33
  },
  "start_pool": "victordepths:sanctuary_roads",
  "step": "surface_structures",
  "terrain_adaptation": "beard_box",
  "use_expansion_hack": true
}