{
    "name": "the_aweclouds",
    "has_raids": false,
    "logical_height": 256,
    "infiniburn": "#minecraft:infiniburn_overworld",
    "ambient_light": 1.0,
    "piglin_safe": false,
    "bed_works": true,
    "respawn_anchor_works": true,
    "ultrawarm": false,
    "natural": false,
    "shrunk": false,
    "fixed_time": 4000,
    "has_skylight": true,
    "has_ceiling": false,
    "height": 256,
    "min_y": 0,
    "monster_spawn_block_light_limit": 15,
    "monster_spawn_light_level": 11,
    "coordinate_scale": 0.125
}