{
  "effects": {
    "foliage_color": 9226340,
    "sky_color": 11853040,
    "grass_color": 11852980,
    "grass_color_modifier": "none",
    "music": {
      "sound": "victordepths:weatherkeep",
      "min_delay": 1000,
      "max_delay": 2000,
      "replace_current_music": true
    },
    "mood_sound": {
      "sound": "minecraft:entity.lightning_bolt.thunder",
      "tick_delay": 100,
      "block_search_extent": 8,
      "offset": 2.0
    },
    "particle": {
      "probability": 0.02,
      "options": {
        "type": "minecraft:falling_water"
      }
    },
    "fog_color": 263248,
    "water_color": 4445678,
    "water_fog_color": 1991810
  },
  "carvers": {
    "air": [
    ]
  },
  "features": [
    [],
    [],
    [],
    [],
    [],
    [],
    [
      "victordepths:ore_weatherkeep_blue_ice",
      "victordepths:ore_weatherkeep_lapis",
      "victordepths:ore_weatherkeep_water"
    ],
    [],
    [
    ],
    []
  ],
  "spawners": {
    "creature": [
      
    ],
    "monster": [
      {
        "type": "minecraft:illusioner",
        "weight": 15,
        "minCount": 1,
        "maxCount": 2
      }
    ],
      "ambient": [
        
      ],
    "axolotls": [],
    "underground_water_creature": [
    ],
    "water_creature": [
    ],
    "water_ambient": [],
    "misc": [
      
    ]
  },
  "spawn_costs": {
    "minecraft:wandering_trader": {
      "energy_budget": 0.1,
      "charge": 9.0
    }
  },
  "precipitation": "rain",
  "temperature": 1.0,
  "downfall": 2.0,
  "category": "none"
}