{
    "condition": "minecraft:alternative",
    "terms": [
        {
            "condition": "minecraft:entity_properties",
            "entity": "this",
            "predicate": {
                "equipment": {
                    "mainhand": {
                        "enchantments": [
                            {
                                "enchantment":"minecraft:silk_touch",
                                "levels":{
                                    "max":1,
                                    "min":1
                                }
                            }
                        ]
                    }
                }
            }
        }
    ]
}