[
  {
    "function": "set_damage",
    "damage": 1.0,
    "conditions": [
      {
        "condition": "entity_properties",
        "entity": "this",
        "predicate": {
          "equipment": {
            "mainhand": {
              "nbt": "{nbt:\"fusion\"}"
            }
          }
        }
      }
    ]
  },
  {
    "function": "set_nbt",
    "tag": "{AttributeModifiers:[]}",
    "conditions": [
      {
        "condition": "entity_properties",
        "entity": "this",
        "predicate": {
          "equipment": {
            "mainhand": {
              "nbt": "{nbt:\"fusion\"}"
            }
          }
        }
      }
    ]
  },
  {
    "function": "set_attributes",
    "modifiers": [
      {
        "name": "generic.attack_damage",
        "attribute": "generic.attack_damage",
        "operation": "addition",
        "amount": 8,
        "slot": "mainhand"
      }
    ],
    "conditions": [
      {
        "condition": "entity_properties",
        "entity": "this",
        "predicate": {
          "equipment": {
            "mainhand": {
              "items": [
                "minecraft:wooden_sword"
              ]
            },
            "nbt": "{nbt:\"fusion\"}"
          }
        }
      },
      {
        "condition": "inverted",
        "term": {
          "condition": "entity_properties",
          "entity": "this",
          "predicate": {
            "equipment": {
              "mainhand": {
                "enchantments": [
                  {
                    "enchantment": "minecraft:sharpness",
                    "levels": {
                      "max": 5,
                      "min": 1
                    }
                  }
                ]
              }
            }
          }
        }
      }
    ]
  },
  {
    "function": "set_attributes",
    "modifiers": [
      {
        "name": "generic.attack_damage",
        "attribute": "generic.attack_damage",
        "operation": "addition",
        "amount": 9,
        "slot": "mainhand"
      }
    ],
    "conditions": [
      {
        "condition": "entity_properties",
        "entity": "this",
        "predicate": {
          "equipment": {
            "mainhand": {
              "items": [
                "minecraft:wooden_sword"
              ],
              "nbt": "{nbt:\"fusion\"}",
              "enchantments": [
                {
                  "enchantment": "minecraft:sharpness",
                  "levels": {
                    "max": 1,
                    "min": 1
                  }
                }
              ]
            }
          }
        }
      }
    ]
  },
  {
    "function": "set_attributes",
    "modifiers": [
      {
        "name": "generic.attack_damage",
        "attribute": "generic.attack_damage",
        "operation": "addition",
        "amount": 9.5,
        "slot": "mainhand"
      }
    ],
    "conditions": [
      {
        "condition": "entity_properties",
        "entity": "this",
        "predicate": {
          "equipment": {
            "mainhand": {
              "items": [
                "minecraft:wooden_sword"
              ],
              "nbt": "{nbt:\"fusion\"}",
              "enchantments": [
                {
                  "enchantment": "minecraft:sharpness",
                  "levels": {
                    "max": 2,
                    "min": 2
                  }
                }
              ]
            }
          }
        }
      }
    ]
  },
  {
    "function": "set_attributes",
    "modifiers": [
      {
        "name": "generic.attack_damage",
        "attribute": "generic.attack_damage",
        "operation": "addition",
        "amount": 10,
        "slot": "mainhand"
      }
    ],
    "conditions": [
      {
        "condition": "entity_properties",
        "entity": "this",
        "predicate": {
          "equipment": {
            "mainhand": {
              "items": [
                "minecraft:wooden_sword"
              ],
              "nbt": "{nbt:\"fusion\"}",
              "enchantments": [
                {
                  "enchantment": "minecraft:sharpness",
                  "levels": {
                    "max": 3,
                    "min": 3
                  }
                }
              ]
            }
          }
        }
      }
    ]
  },
  {
    "function": "set_attributes",
    "modifiers": [
      {
        "name": "generic.attack_damage",
        "attribute": "generic.attack_damage",
        "operation": "addition",
        "amount": 10.5,
        "slot": "mainhand"
      }
    ],
    "conditions": [
      {
        "condition": "entity_properties",
        "entity": "this",
        "predicate": {
          "equipment": {
            "mainhand": {
              "items": [
                "minecraft:wooden_sword"
              ],
              "nbt": "{nbt:\"fusion\"}",
              "enchantments": [
                {
                  "enchantment": "minecraft:sharpness",
                  "levels": {
                    "max": 4,
                    "min": 4
                  }
                }
              ]
            }
          }
        }
      }
    ]
  },
  {
    "function": "set_attributes",
    "modifiers": [
      {
        "name": "generic.attack_damage",
        "attribute": "generic.attack_damage",
        "operation": "addition",
        "amount": 11,
        "slot": "mainhand"
      }
    ],
    "conditions": [
      {
        "condition": "entity_properties",
        "entity": "this",
        "predicate": {
          "equipment": {
            "mainhand": {
              "items": [
                "minecraft:wooden_sword"
              ],
              "nbt": "{nbt:\"fusion\"}",
              "enchantments": [
                {
                  "enchantment": "minecraft:sharpness",
                  "levels": {
                    "max": 5,
                    "min": 5
                  }
                }
              ]
            }
          }
        }
      }
    ]
  },
  {
    "function": "set_attributes",
    "modifiers": [
      {
        "name": "generic.attack_damage",
        "attribute": "generic.attack_damage",
        "operation": "addition",
        "amount": 11,
        "slot": "mainhand"
      }
    ],
    "conditions": [
      {
        "condition": "entity_properties",
        "entity": "this",
        "predicate": {
          "equipment": {
            "mainhand": {
              "items": [
                "minecraft:wooden_axe"
              ],
              "nbt": "{nbt:\"fusion\"}"
            }
          }
        }
      },
      {
        "condition": "inverted",
        "term": {
          "condition": "entity_properties",
          "entity": "this",
          "predicate": {
            "equipment": {
              "mainhand": {
                "enchantments": [
                  {
                    "enchantment": "minecraft:sharpness",
                    "levels": {
                      "max": 5,
                      "min": 1
                    }
                  }
                ]
              }
            }
          }
        }
      }
    ]
  },
  {
    "function": "set_attributes",
    "modifiers": [
      {
        "name": "generic.attack_damage",
        "attribute": "generic.attack_damage",
        "operation": "addition",
        "amount": 12,
        "slot": "mainhand"
      }
    ],
    "conditions": [
      {
        "condition": "entity_properties",
        "entity": "this",
        "predicate": {
          "equipment": {
            "mainhand": {
              "items": [
                "minecraft:wooden_axe"
              ],
              "nbt": "{nbt:\"fusion\"}",
              "enchantments": [
                {
                  "enchantment": "minecraft:sharpness",
                  "levels": {
                    "max": 1,
                    "min": 1
                  }
                }
              ]
            }
          }
        }
      }
    ]
  },
  {
    "function": "set_attributes",
    "modifiers": [
      {
        "name": "generic.attack_damage",
        "attribute": "generic.attack_damage",
        "operation": "addition",
        "amount": 12.5,
        "slot": "mainhand"
      }
    ],
    "conditions": [
      {
        "condition": "entity_properties",
        "entity": "this",
        "predicate": {
          "equipment": {
            "mainhand": {
              "items": [
                "minecraft:wooden_axe"
              ],
              "nbt": "{nbt:\"fusion\"}",
              "enchantments": [
                {
                  "enchantment": "minecraft:sharpness",
                  "levels": {
                    "max": 2,
                    "min": 2
                  }
                }
              ]
            }
          }
        }
      }
    ]
  },
  {
    "function": "set_attributes",
    "modifiers": [
      {
        "name": "generic.attack_damage",
        "attribute": "generic.attack_damage",
        "operation": "addition",
        "amount": 13,
        "slot": "mainhand"
      }
    ],
    "conditions": [
      {
        "condition": "entity_properties",
        "entity": "this",
        "predicate": {
          "equipment": {
            "mainhand": {
              "items": [
                "minecraft:wooden_axe"
              ],
              "nbt": "{nbt:\"fusion\"}",
              "enchantments": [
                {
                  "enchantment": "minecraft:sharpness",
                  "levels": {
                    "max": 3,
                    "min": 3
                  }
                }
              ]
            }
          }
        }
      }
    ]
  },
  {
    "function": "set_attributes",
    "modifiers": [
      {
        "name": "generic.attack_damage",
        "attribute": "generic.attack_damage",
        "operation": "addition",
        "amount": 13.5,
        "slot": "mainhand"
      }
    ],
    "conditions": [
      {
        "condition": "entity_properties",
        "entity": "this",
        "predicate": {
          "equipment": {
            "mainhand": {
              "items": [
                "minecraft:wooden_axe"
              ],
              "nbt": "{nbt:\"fusion\"}",
              "enchantments": [
                {
                  "enchantment": "minecraft:sharpness",
                  "levels": {
                    "max": 4,
                    "min": 4
                  }
                }
              ]
            }
          }
        }
      }
    ]
  },
  {
    "function": "set_attributes",
    "modifiers": [
      {
        "name": "generic.attack_damage",
        "attribute": "generic.attack_damage",
        "operation": "addition",
        "amount": 14,
        "slot": "mainhand"
      }
    ],
    "conditions": [
      {
        "condition": "entity_properties",
        "entity": "this",
        "predicate": {
          "equipment": {
            "mainhand": {
              "items": [
                "minecraft:wooden_axe"
              ],
              "nbt": "{nbt:\"fusion\"}",
              "enchantments": [
                {
                  "enchantment": "minecraft:sharpness",
                  "levels": {
                    "max": 5,
                    "min": 5
                  }
                }
              ]
            }
          }
        }
      }
    ]
  },
  {
    "function": "set_attributes",
    "modifiers": [
      {
        "name": "generic.attack_speed",
        "attribute": "generic.attack_speed",
        "operation": "addition",
        "amount": -2.6,
        "slot": "mainhand"
      }
    ],
    "conditions": [
      {
        "condition": "entity_properties",
        "entity": "this",
        "predicate": {
          "equipment": {
            "mainhand": {
              "items": [
                "minecraft:wooden_sword"
              ]
            },
            "nbt": "{nbt:\"fusion\"}"
          }
        }
      }
    ]
  },
  {
    "function": "set_attributes",
    "modifiers": [
      {
        "name": "generic.attack_damage",
        "attribute": "generic.attack_speed",
        "operation": "addition",
        "amount": -3.2,
        "slot": "mainhand"
      }
    ],
    "conditions": [
      {
        "condition": "entity_properties",
        "entity": "this",
        "predicate": {
          "equipment": {
            "mainhand": {
              "items": [
                "minecraft:wooden_axe"
              ]
            },
            "nbt": "{nbt:\"fusion\"}"
          }
        }
      }
    ]
  }
]