{
  "config": {
    "decorators": [],
    "ignore_vines": true,
    "force_dirt": false,
    "dirt_provider": {
      "state": {
        "Name": "minecraft:dripstone_block"
      },
      "type": "minecraft:simple_state_provider"
    },
    "minimum_size": {
      "middle_size": 1,
      "upper_size": 2,
      "limit": 1,
      "upper_limit": 1,
      "lower_size": 0,
      "type": "minecraft:three_layers_feature_size"
    },
    "trunk_provider": {
      "state": {
        "Name": "minecraft:raw_iron_block"
      },
      "type": "minecraft:simple_state_provider"
    },
    "trunk_placer": {
      "base_height": 6,
      "height_rand_a": 2,
      "height_rand_b": 1,
      "type": "minecraft:dark_oak_trunk_placer"
    },
    "foliage_provider": {
      "state": {
        "Name": "minecraft:deepslate_iron_ore"
      },
      "type": "minecraft:simple_state_provider"
    },
    "foliage_placer": {
      "radius": 0,
      "offset": 0,
      "type": "minecraft:dark_oak_foliage_placer"
    }
  },
  "type": "minecraft:tree"
}