{
  "config": {
    "features": [
      {
        "feature": {
          "config": {
            "tries": 96,
            "xz_spread": 3,
            "y_spread": 2,
            "feature": {
              "feature": {
                "config": {
                  "to_place": {
                    "state": {
                      "Name": "minecraft:crimson_roots"
                    },
                    "type": "minecraft:simple_state_provider"
                  }
                },
                "type": "minecraft:simple_block"
              },
              "placement": [
                {
                  "predicate": {
                    "blocks": [
                      "minecraft:air"
                    ],
                    "type": "minecraft:matching_blocks"
                  },
                  "type": "minecraft:block_predicate_filter"
                }
              ]
            }
          },
          "type": "minecraft:random_patch"
        },
        "placement": []
      },
      {
        "feature": {
          "config": {
            "tries": 96,
            "xz_spread": 0,
            "y_spread": 2,
            "feature": {
              "feature": {
                "config": {
                  "to_place": {
                    "state": {
                      "Name": "minecraft:crimson_fungus"
                    },
                    "type": "minecraft:simple_state_provider"
                  }
                },
                "type": "minecraft:simple_block"
              },
              "placement": [
                {
                  "predicate": {
                    "blocks": [
                      "minecraft:air"
                    ],
                    "type": "minecraft:matching_blocks"
                  },
                  "type": "minecraft:block_predicate_filter"
                }
              ]
            }
          },
          "type": "minecraft:random_patch"
        },
        "placement": []
      },
      {
        "feature": {
          "config": {
            "tries": 96,
            "xz_spread": 3,
            "y_spread": 2,
            "feature": {
              "feature": {
                "config": {
                  "to_place": {
                    "state": {
                      "Name": "minecraft:allium"
                    },
                    "type": "minecraft:simple_state_provider"
                  }
                },
                "type": "minecraft:simple_block"
              },
              "placement": [
                {
                  "predicate": {
                    "blocks": [
                      "minecraft:air"
                    ],
                    "type": "minecraft:matching_blocks"
                  },
                  "type": "minecraft:block_predicate_filter"
                }
              ]
            }
          },
          "type": "minecraft:random_patch"
        },
        "placement": []
      },
      {
        "feature": {
          "config": {
            "tries": 96,
            "xz_spread": 3,
            "y_spread": 2,
            "feature": {
              "feature": {
                "config": {
                  "to_place": {
                    "state": {
                      "Name": "minecraft:dandelion"
                    },
                    "type": "minecraft:simple_state_provider"
                  }
                },
                "type": "minecraft:simple_block"
              },
              "placement": [
                {
                  "predicate": {
                    "blocks": [
                      "minecraft:air"
                    ],
                    "type": "minecraft:matching_blocks"
                  },
                  "type": "minecraft:block_predicate_filter"
                }
              ]
            }
          },
          "type": "minecraft:random_patch"
        },
        "placement": []
      },
      {
        "feature": {
          "config": {
            "tries": 96,
            "xz_spread": 3,
            "y_spread": 2,
            "feature": {
              "feature": {
                "config": {
                  "to_place": {
                    "state": {
                      "Name": "minecraft:orange_tulip"
                    },
                    "type": "minecraft:simple_state_provider"
                  }
                },
                "type": "minecraft:simple_block"
              },
              "placement": [
                {
                  "predicate": {
                    "blocks": [
                      "minecraft:air"
                    ],
                    "type": "minecraft:matching_blocks"
                  },
                  "type": "minecraft:block_predicate_filter"
                }
              ]
            }
          },
          "type": "minecraft:random_patch"
        },
        "placement": []
      },
      {
        "feature": {
          "config": {
            "tries": 96,
            "xz_spread": 3,
            "y_spread": 2,
            "feature": {
              "feature": {
                "config": {
                  "state_provider": {
                    "state": {
                      "Name": "minecraft:oak_leaves",
                      "Properties": {
                        "persistent": "true"
                      }
                    },
                    "type": "minecraft:simple_state_provider"
                  }
                },
                "type": "minecraft:block_pile"
              },
              "placement": [
                {
                  "predicate": {
                    "blocks": [
                      "minecraft:air"
                    ],
                    "type": "minecraft:matching_blocks"
                  },
                  "type": "minecraft:block_predicate_filter"
                }
              ]
            }
          },
          "type": "minecraft:random_patch"
        },
        "placement": []
      }
    ]
  },
  "type": "minecraft:simple_random_selector"
}